model,dialogue,reference_summary,generated_summary,data_type
Hashif/bart-samsum,"Hannah: Hey, do you have Betty's number?
Amanda: Lemme check
Hannah: <file_gif>
Amanda: Sorry, can't find it.
Amanda: Ask Larry
Amanda: He called her last time we were at the park together
Hannah: I don't know him well
Hannah: <file_gif>
Amanda: Don't be shy, he's very nice
Hannah: If you say so..
Hannah: I'd rather you texted him
Amanda: Just text him ğŸ™‚
Hannah: Urgh.. Alright
Hannah: Bye
Amanda: Bye bye",Hannah needs Betty's number but Amanda doesn't have it. She needs to contact Larry.,"Hannah asks Amanda for Betty's number. Amanda cannot find it. Hannah suggests asking Larry, who called Betty the last time they were at the park together.",Unclean
Hashif/bart-samsum,"Eric: MACHINE!
Rob: That's so gr8!
Eric: I know! And shows how Americans see Russian ;)
Rob: And it's really funny!
Eric: I know! I especially like the train part!
Rob: Hahaha! No one talks to the machine like that!
Eric: Is this his only stand-up?
Rob: Idk. I'll check.
Eric: Sure.
Rob: Turns out no! There are some of his stand-ups on youtube.
Eric: Gr8! I'll watch them now!
Rob: Me too!
Eric: MACHINE!
Rob: MACHINE!
Eric: TTYL?
Rob: Sure :)",Eric and Rob are going to watch a stand-up on youtube.,Eric and Rob are watching a Russian comedian's stand-up. They like the train part. There are some of his stand-ups on youtube.,Unclean
Hashif/bart-samsum,"Lenny: Babe, can you help me with something?
Bob: Sure, what's up?
Lenny: Which one should I pick?
Bob: Send me photos
Lenny:  <file_photo>
Lenny:  <file_photo>
Lenny:  <file_photo>
Bob: I like the first ones best
Lenny: But I already have purple trousers. Does it make sense to have two pairs?
Bob: I have four black pairs :D :D
Lenny: yeah, but shouldn't I pick a different color?
Bob: what matters is what you'll give you the most outfit options
Lenny: So I guess I'll buy the first or the third pair then
Bob: Pick the best quality then
Lenny: ur right, thx
Bob: no prob :)",Lenny can't decide which trousers to buy. Bob advised Lenny on that topic. Lenny goes with Bob's advice to pick the trousers that are of best quality.,Lenny will buy the first or the third pair of purple trousers for Bob. He already has four black trousers. He will choose the one with the best quality.,Unclean
philschmid/distilbart-cnn-12-6-samsum,"Hannah: Hey, do you have Betty's number?
Amanda: Lemme check
Hannah: <file_gif>
Amanda: Sorry, can't find it.
Amanda: Ask Larry
Amanda: He called her last time we were at the park together
Hannah: I don't know him well
Hannah: <file_gif>
Amanda: Don't be shy, he's very nice
Hannah: If you say so..
Hannah: I'd rather you texted him
Amanda: Just text him ğŸ™‚
Hannah: Urgh.. Alright
Hannah: Bye
Amanda: Bye bye",Hannah needs Betty's number but Amanda doesn't have it. She needs to contact Larry.,Amanda can't find Betty's number. Larry called her last time they were at the park together. Hannah doesn't know Larry well. Amanda will text Larry.,Unclean
philschmid/distilbart-cnn-12-6-samsum,"Eric: MACHINE!
Rob: That's so gr8!
Eric: I know! And shows how Americans see Russian ;)
Rob: And it's really funny!
Eric: I know! I especially like the train part!
Rob: Hahaha! No one talks to the machine like that!
Eric: Is this his only stand-up?
Rob: Idk. I'll check.
Eric: Sure.
Rob: Turns out no! There are some of his stand-ups on youtube.
Eric: Gr8! I'll watch them now!
Rob: Me too!
Eric: MACHINE!
Rob: MACHINE!
Eric: TTYL?
Rob: Sure :)",Eric and Rob are going to watch a stand-up on youtube.,Rob and Eric like the Russian comedian's stand-up. Rob will watch some of his stand-ups on youtube now. ,Unclean
philschmid/distilbart-cnn-12-6-samsum,"Lenny: Babe, can you help me with something?
Bob: Sure, what's up?
Lenny: Which one should I pick?
Bob: Send me photos
Lenny:  <file_photo>
Lenny:  <file_photo>
Lenny:  <file_photo>
Bob: I like the first ones best
Lenny: But I already have purple trousers. Does it make sense to have two pairs?
Bob: I have four black pairs :D :D
Lenny: yeah, but shouldn't I pick a different color?
Bob: what matters is what you'll give you the most outfit options
Lenny: So I guess I'll buy the first or the third pair then
Bob: Pick the best quality then
Lenny: ur right, thx
Bob: no prob :)",Lenny can't decide which trousers to buy. Bob advised Lenny on that topic. Lenny goes with Bob's advice to pick the trousers that are of best quality.,Lenny will buy the first or the third pair of purple trousers for Bob. Bob likes the first ones best. Lenny will pick the best quality. ,Unclean
philschmid/bart-large-cnn-samsum,"Hannah: Hey, do you have Betty's number?
Amanda: Lemme check
Hannah: <file_gif>
Amanda: Sorry, can't find it.
Amanda: Ask Larry
Amanda: He called her last time we were at the park together
Hannah: I don't know him well
Hannah: <file_gif>
Amanda: Don't be shy, he's very nice
Hannah: If you say so..
Hannah: I'd rather you texted him
Amanda: Just text him ğŸ™‚
Hannah: Urgh.. Alright
Hannah: Bye
Amanda: Bye bye",Hannah needs Betty's number but Amanda doesn't have it. She needs to contact Larry.,Larry called Betty the last time Hannah and Amanda were at the park together. Hannah doesn't know Larry very well. Amanda will text Larry.,Unclean
philschmid/bart-large-cnn-samsum,"Eric: MACHINE!
Rob: That's so gr8!
Eric: I know! And shows how Americans see Russian ;)
Rob: And it's really funny!
Eric: I know! I especially like the train part!
Rob: Hahaha! No one talks to the machine like that!
Eric: Is this his only stand-up?
Rob: Idk. I'll check.
Eric: Sure.
Rob: Turns out no! There are some of his stand-ups on youtube.
Eric: Gr8! I'll watch them now!
Rob: Me too!
Eric: MACHINE!
Rob: MACHINE!
Eric: TTYL?
Rob: Sure :)",Eric and Rob are going to watch a stand-up on youtube.,Eric and Rob like Russian comedian's stand-up. Eric and Rob will watch some of his stand-ups on youtube now.,Unclean
philschmid/bart-large-cnn-samsum,"Lenny: Babe, can you help me with something?
Bob: Sure, what's up?
Lenny: Which one should I pick?
Bob: Send me photos
Lenny:  <file_photo>
Lenny:  <file_photo>
Lenny:  <file_photo>
Bob: I like the first ones best
Lenny: But I already have purple trousers. Does it make sense to have two pairs?
Bob: I have four black pairs :D :D
Lenny: yeah, but shouldn't I pick a different color?
Bob: what matters is what you'll give you the most outfit options
Lenny: So I guess I'll buy the first or the third pair then
Bob: Pick the best quality then
Lenny: ur right, thx
Bob: no prob :)",Lenny can't decide which trousers to buy. Bob advised Lenny on that topic. Lenny goes with Bob's advice to pick the trousers that are of best quality.,Lenny will buy the first or the third pair of purple trousers for Bob. Bob has four black trousers. Lenny will pick the one with the best quality.,Unclean
sharmax-vikas/flan-t5-base-samsum,"Hannah: Hey, do you have Betty's number?
Amanda: Lemme check
Hannah: <file_gif>
Amanda: Sorry, can't find it.
Amanda: Ask Larry
Amanda: He called her last time we were at the park together
Hannah: I don't know him well
Hannah: <file_gif>
Amanda: Don't be shy, he's very nice
Hannah: If you say so..
Hannah: I'd rather you texted him
Amanda: Just text him ğŸ™‚
Hannah: Urgh.. Alright
Hannah: Bye
Amanda: Bye bye",Hannah needs Betty's number but Amanda doesn't have it. She needs to contact Larry.,Hannah can't find Betty's number. Amanda will ask Larry. Larry called Betty last time they were at the park together. Hannah doesn't know Larry well. Hannah will text Larry.,Unclean
sharmax-vikas/flan-t5-base-samsum,"Eric: MACHINE!
Rob: That's so gr8!
Eric: I know! And shows how Americans see Russian ;)
Rob: And it's really funny!
Eric: I know! I especially like the train part!
Rob: Hahaha! No one talks to the machine like that!
Eric: Is this his only stand-up?
Rob: Idk. I'll check.
Eric: Sure.
Rob: Turns out no! There are some of his stand-ups on youtube.
Eric: Gr8! I'll watch them now!
Rob: Me too!
Eric: MACHINE!
Rob: MACHINE!
Eric: TTYL?
Rob: Sure :)",Eric and Rob are going to watch a stand-up on youtube.,Eric and Rob are watching a Russian stand-up on youtube. Eric will watch some of his stand ups on YouTube and will watch them now.,Unclean
sharmax-vikas/flan-t5-base-samsum,"Lenny: Babe, can you help me with something?
Bob: Sure, what's up?
Lenny: Which one should I pick?
Bob: Send me photos
Lenny:  <file_photo>
Lenny:  <file_photo>
Lenny:  <file_photo>
Bob: I like the first ones best
Lenny: But I already have purple trousers. Does it make sense to have two pairs?
Bob: I have four black pairs :D :D
Lenny: yeah, but shouldn't I pick a different color?
Bob: what matters is what you'll give you the most outfit options
Lenny: So I guess I'll buy the first or the third pair then
Bob: Pick the best quality then
Lenny: ur right, thx
Bob: no prob :)",Lenny can't decide which trousers to buy. Bob advised Lenny on that topic. Lenny goes with Bob's advice to pick the trousers that are of best quality.,Lenny wants to buy two pairs of purple trousers. Bob has four black pairs of trousers. Lenndy will buy the first pair or the third pair.,Unclean
google/flan-t5-base,"Hannah: Hey, do you have Betty's number?
Amanda: Lemme check
Hannah: <file_gif>
Amanda: Sorry, can't find it.
Amanda: Ask Larry
Amanda: He called her last time we were at the park together
Hannah: I don't know him well
Hannah: <file_gif>
Amanda: Don't be shy, he's very nice
Hannah: If you say so..
Hannah: I'd rather you texted him
Amanda: Just text him ğŸ™‚
Hannah: Urgh.. Alright
Hannah: Bye
Amanda: Bye bye",Hannah needs Betty's number but Amanda doesn't have it. She needs to contact Larry.,Amanda can't find Betty's number. Amanda asks Larry to call her last time they were at the park together. Hannah doesn't know him well. Amanda prefers to text him.,Unclean
google/flan-t5-base,"Eric: MACHINE!
Rob: That's so gr8!
Eric: I know! And shows how Americans see Russian ;)
Rob: And it's really funny!
Eric: I know! I especially like the train part!
Rob: Hahaha! No one talks to the machine like that!
Eric: Is this his only stand-up?
Rob: Idk. I'll check.
Eric: Sure.
Rob: Turns out no! There are some of his stand-ups on youtube.
Eric: Gr8! I'll watch them now!
Rob: Me too!
Eric: MACHINE!
Rob: MACHINE!
Eric: TTYL?
Rob: Sure :)",Eric and Rob are going to watch a stand-up on youtube.,Eric and Rob like Eric's stand-ups on youtube. Eric will watch them now. Rob and Eric are going to watch some of his stand ups on YouTube.,Unclean
google/flan-t5-base,"Lenny: Babe, can you help me with something?
Bob: Sure, what's up?
Lenny: Which one should I pick?
Bob: Send me photos
Lenny:  <file_photo>
Lenny:  <file_photo>
Lenny:  <file_photo>
Bob: I like the first ones best
Lenny: But I already have purple trousers. Does it make sense to have two pairs?
Bob: I have four black pairs :D :D
Lenny: yeah, but shouldn't I pick a different color?
Bob: what matters is what you'll give you the most outfit options
Lenny: So I guess I'll buy the first or the third pair then
Bob: Pick the best quality then
Lenny: ur right, thx
Bob: no prob :)",Lenny can't decide which trousers to buy. Bob advised Lenny on that topic. Lenny goes with Bob's advice to pick the trousers that are of best quality.,"Lenny wants to buy two pairs of purple trousers. Bob recommends the first pair or the third pair, depending on the quality of the trousers.",Unclean
facebook/bart-large,"Hannah: Hey, do you have Betty's number?
Amanda: Lemme check
Hannah: <file_gif>
Amanda: Sorry, can't find it.
Amanda: Ask Larry
Amanda: He called her last time we were at the park together
Hannah: I don't know him well
Hannah: <file_gif>
Amanda: Don't be shy, he's very nice
Hannah: If you say so..
Hannah: I'd rather you texted him
Amanda: Just text him ğŸ™‚
Hannah: Urgh.. Alright
Hannah: Bye
Amanda: Bye bye",Hannah needs Betty's number but Amanda doesn't have it. She needs to contact Larry.,"Hannah: Hey, do you have Betty's number? petertoddAmanda: Lemme checkï¿½ğ‘‘ğ‘’ğ‘˜ğ‘–ğ‘•ğ‘œğ‘”ğ‘šğ‘™ğ‘“ğ‘ªğ‘ğ‘¨ğ‘¦ğ‘©ğ‘¥ğ‘«ğ‘­ï¿½",Unclean
facebook/bart-large,"Eric: MACHINE!
Rob: That's so gr8!
Eric: I know! And shows how Americans see Russian ;)
Rob: And it's really funny!
Eric: I know! I especially like the train part!
Rob: Hahaha! No one talks to the machine like that!
Eric: Is this his only stand-up?
Rob: Idk. I'll check.
Eric: Sure.
Rob: Turns out no! There are some of his stand-ups on youtube.
Eric: Gr8! I'll watch them now!
Rob: Me too!
Eric: MACHINE!
Rob: MACHINE!
Eric: TTYL?
Rob: Sure :)",Eric and Rob are going to watch a stand-up on youtube.,Eric: MACHINE!İ‚İƒİƒÌİ‚ÌÌ‚ÌƒÌ‚İÌáƒšÌï¿½ï¿½ï¿½ÌƒáƒÌĞ±Ì ÌÄƒÌƒ Ì€Ìâ€Ì€ Ì‚ ÌÌƒÄ€Ì‚ï¿½,Unclean
facebook/bart-large,"Lenny: Babe, can you help me with something?
Bob: Sure, what's up?
Lenny: Which one should I pick?
Bob: Send me photos
Lenny:  <file_photo>
Lenny:  <file_photo>
Lenny:  <file_photo>
Bob: I like the first ones best
Lenny: But I already have purple trousers. Does it make sense to have two pairs?
Bob: I have four black pairs :D :D
Lenny: yeah, but shouldn't I pick a different color?
Bob: what matters is what you'll give you the most outfit options
Lenny: So I guess I'll buy the first or the third pair then
Bob: Pick the best quality then
Lenny: ur right, thx
Bob: no prob :)",Lenny can't decide which trousers to buy. Bob advised Lenny on that topic. Lenny goes with Bob's advice to pick the trousers that are of best quality.,"Lenny: Babe, can you help me with something?ãƒ¼ãƒ† Â  Â  Â  Â  Â  Â  Â  Â Bob: Sure, what's up?=-=-=-=-=-=-=-=-=-=-=-=-=-=-=-=-=-=-=-=-=-=-=-=-=-=-=-=-=-=-=-=-=-=-=-=-=-=-=-=-=-=-=-=-=-=-=-=-=-=-=-=-=-=-=-=-==-=-=-=-=-=-=-=-=-=-==-=-=-=-=-=-+=-=-=-=-=-=-=-=-=-=-+=-=-=-=-=-=-+=-=-=+=-=-+++--+--+--++--+",Unclean
